account_id,account_no,balance,name,pin,status
8a80cb816ef2df4b016ef2df543e0000,112000,10000,John 000,$2a$10$2XFaEeZtsOFne5Wdz0x4Ouq8xS54U44tUIq/Bpa9/ZPvmH71oDpaK,true
8a80cb816ef2df4b016ef2df54c60001,112001,10000,John 001,$2a$10$4NA/5f6tViNembLz/L3ZEuAwWLIeTiQ296bZXcjumwRMSmZBoY6uC,true
8a80cb816ef2df4b016ef2df552a0002,112002,10000,John 002,$2a$10$URXogHllwHpWW7qCsZVKqutV7nqmhLLm7aEZcR/RBSItGpRqGY/VO,true
8a80cb816ef2df4b016ef2df558d0003,112003,10000,John 003,$2a$10$bssCOqMRYj09t1b0OTZIiuZaorAoMlVwTFIoan2c50gdwoAuloJLW,true
8a80cb816ef2df4b016ef2df55ee0004,112004,10000,John 004,$2a$10$u/.2md//FndzE0rk8Rqvx.vAFba/oCQhnPUt.QS/d/Kbj4RSXH.om,true
8a80cb816ef2df4b016ef2df56510005,112005,10000,John 005,$2a$10$HsIbW6.ZqJO4VjLB0cK4/.hJRvnyRO/SWIbpIyuAJS2Qh7/rl2QF6,true
8a80cb816ef2df4b016ef2df56ba0006,112006,10000,John 006,$2a$10$qitpWCYWEFT9ms7/89xb1O.9cOrFlHu9HZ4uwpGacW4wyyY6qo9Ii,true
8a80cb816ef2df4b016ef2df571e0007,112007,10000,John 007,$2a$10$a5xnHnDr4F9.cKw8DllVuuJ..O.rcWEtZZqjw5rYwm.ymiAiRA/2y,true
8a80cb816ef2df4b016ef2df57880008,112008,10000,John 008,$2a$10$qNshqoFrf1nvaIRH7Hn./.ao7ui9Wj6P5bgTgmK47OVRWz89s/QBO,true
8a80cb816ef2df4b016ef2df57ea0009,112009,10000,John 009,$2a$10$TmR52t88DmeH9GaMZw8j5eMz6NWzfpxvZ/0WThNpV7yNhfJ/nZVNi,true
8a80cb816ef2df4b016ef2df5850000a,112010,10000,John 010,$2a$10$oUdFdcTzOkpYq6xQRlI0n.QghW3teDS7dG5P3LRydicbqpwkYjvoK,true
8a80cb816ef2df4b016ef2df58bc000b,112011,10000,John 011,$2a$10$VVSkp3fvnNTEAow86znHb.NUjUTbHqZECzXA2FZfa8I1S8J9ZM0/q,true
8a80cb816ef2df4b016ef2df5927000c,112012,10000,John 012,$2a$10$4hyfsZ9PiSEsY/kblScbtuncAc9aDbMIn.C09avsJ6ikFfWNYzsZK,true
8a80cb816ef2df4b016ef2df598f000d,112013,10000,John 013,$2a$10$bYZAZf7Ro6CLsrJk8cU3reSXjQaRoKD2QfvcrqLRoAjfQ5O76F/0.,true
8a80cb816ef2df4b016ef2df59f7000e,112014,10000,John 014,$2a$10$huZttHP4Lluqr26986OYseaFRpzkIXyqZgY6jZjSihh8/pMwF5cvm,true
8a80cb816ef2df4b016ef2df5a5f000f,112015,10000,John 015,$2a$10$NWm5NwGaq8nk10CahbpTn.mlTTog07gVw1JxBPtK2OXDwkxAULAwq,true
8a80cb816ef2df4b016ef2df5ac00010,112016,10000,John 016,$2a$10$JpVuRquji5msQlmYi0KpZeYA7pNXVK9uTsCsw.LJ0qKzoDOT.az7.,true
8a80cb816ef2df4b016ef2df5b1f0011,112017,10000,John 017,$2a$10$zwwdyKeg4e2vHzGyVzWZgu/WNe//.OH5v6fLy7JMy8Wemuh6Ay4v6,true
8a80cb816ef2df4b016ef2df5b7c0012,112018,10000,John 018,$2a$10$3lfAYgvhGwl8Yc9zjNaefOghziCmCjvIAjMyePUrsUnsVCziZRh.2,true
8a80cb816ef2df4b016ef2df5bde0013,112019,10000,John 019,$2a$10$AWk3S5HyIHNCp3MMYQNnReCFwP3RYeEgpdEH/IPZ/RHvoKb6FRiOW,true
8a80cb816ef2df4b016ef2df5c3e0014,112020,10000,John 020,$2a$10$dePGKv.X9grsn8wAUY/wIOna10guZuofWQt7/eDFllhC84U726o4W,true
8a80cb816ef2df4b016ef2df5ca70015,112021,10000,John 021,$2a$10$fSjRFM5rt1.J1XR0ON3gDOXNOGHOkQczrhpa3SCZB7ZbbmTY3njQO,true
8a80cb816ef2df4b016ef2df5d040016,112022,10000,John 022,$2a$10$V76TyAtJ.52F4VB1Kl8FH.E7fw7qZoCZ01gRVIu6LUPxJ8lhwVRei,true
8a80cb816ef2df4b016ef2df5d610017,112023,10000,John 023,$2a$10$3TV/d56HY/EGskNNFguClee0/WFtnug65FUWxmqiGeZH9amb9ItGm,true
8a80cb816ef2df4b016ef2df5dd30018,112024,10000,John 024,$2a$10$U7dWOhxlnQeVbZ8tFj2in.hvGnFMeNn1yTw/SwQY658tOYQTAmDi6,true
8a80cb816ef2df4b016ef2df5e2e0019,112025,10000,John 025,$2a$10$qblBP0mF768e1K34Z3WVgOQAZkPP9G8x4hOgBSPcfoDZeqDsf/rxW,true
8a80cb816ef2df4b016ef2df5e88001a,112026,10000,John 026,$2a$10$nZzqYUut5diG26Ey/hYNeOeltp4aVObY5Jq9ZcohzGDMt0lpEjeyq,true
8a80cb816ef2df4b016ef2df5ef2001b,112027,10000,John 027,$2a$10$/Tb71RVbuGrBIUGla.2.k.2tQXeQuDSQi5JqKgLOivybXi335/UMe,true
8a80cb816ef2df4b016ef2df5f4f001c,112028,10000,John 028,$2a$10$/wsrP4z99CfkP5DUtCPPYu1dNfxTwOPrQaloQXLQeCzFn/vVhCFWO,true
8a80cb816ef2df4b016ef2df5fb0001d,112029,10000,John 029,$2a$10$.SDMZVwnxC/CwKkjglU0sOXfPk0LjXZiCDEp/UtR15RfdeuDibRX.,true
8a80cb816ef2df4b016ef2df6017001e,112030,10000,John 030,$2a$10$NkUg7hBEQ1rWPKGH6/4Qpegkx53JbhgXd6fUo3quNKjH5RFyVZ3sq,true
8a80cb816ef2df4b016ef2df607d001f,112031,10000,John 031,$2a$10$Q.vDx7e1W2Mf7BmpBDYBXurYBAoy7X/DPF7IftFF6NHau9nR1SoI6,true
8a80cb816ef2df4b016ef2df60dd0020,112032,10000,John 032,$2a$10$wN9hVsTAvcXZVfJpFaOlgOusk.SwGCvYhCLceGVc4KTm51O3IVFGS,true
8a80cb816ef2df4b016ef2df613e0021,112033,10000,John 033,$2a$10$Ukm6JfB6Ae5FINFG85XY3uub2NQv19dPvoufIo4UgcLJASJVFchg.,true
8a80cb816ef2df4b016ef2df61a30022,112034,10000,John 034,$2a$10$wMI7bby24CfW.xYIkyisK.EKaTBxbPOZfRsxTn8uEeT6LKwpYco.K,true
8a80cb816ef2df4b016ef2df62000023,112035,10000,John 035,$2a$10$aXHCop9wz8Z.HJzAY5sD.OrwdVvZiYEupXU08O3KNGPtgZWZ/x/1G,true
8a80cb816ef2df4b016ef2df625f0024,112036,10000,John 036,$2a$10$ICxcFYXcgKSEd9HuXVzXwu/Nx8lzTy4oddvTCewrtivQh62AWXCsK,true
8a80cb816ef2df4b016ef2df62c80025,112037,10000,John 037,$2a$10$kFt6E9hFIe4bBtH41jjE5Owy26rpPC3eQr3N3zL9owla5SQzuU8xy,true
8a80cb816ef2df4b016ef2df63300026,112038,10000,John 038,$2a$10$acAFl357BIVWVyfLH8RQUuvelzmj9coqEYTaWVXjaBsMOYxPVIz9q,true
8a80cb816ef2df4b016ef2df63a00027,112039,10000,John 039,$2a$10$k/tBCqLmctm8AMIScg7iKulAy5FR4kXzHLTVfoxINQ4FKqT/RZski,true
8a80cb816ef2df4b016ef2df640d0028,112040,10000,John 040,$2a$10$qJy1UvafHPBuNSJjeoE3feqs1no33cyiphkh9iCC8zz5lwujnLkNq,true
8a80cb816ef2df4b016ef2df647f0029,112041,10000,John 041,$2a$10$EspxftEdSol.7YDZoVUctOI0wnhZzXUIbkO2s.0EfF584PORRBQv.,true
8a80cb816ef2df4b016ef2df64e9002a,112042,10000,John 042,$2a$10$QOfPPBwwTOEi.npwTLfqSe46QCQDs/uTKKSaeYMeqUYyNJLjz3s8K,true
8a80cb816ef2df4b016ef2df6553002b,112043,10000,John 043,$2a$10$WQrAYLx7nUOievXJN/N76eZUd5NFtG09JvfTI8UaOBCCU0fwZrbQW,true
8a80cb816ef2df4b016ef2df65b4002c,112044,10000,John 044,$2a$10$/PHuBZLOArtyEuS6HohORO87VTnMYaQOvvmLT2/cRCOo.6OzR.GV.,true
8a80cb816ef2df4b016ef2df661e002d,112045,10000,John 045,$2a$10$WKUQSdYqD/fj6cE6CXssre0G3T/JDqo6KdU4Ml1Gj.pc.ygQsrmry,true
8a80cb816ef2df4b016ef2df6686002e,112046,10000,John 046,$2a$10$/s6JGP0R3R3nPJBERmq6Gel9407ACyTZKvy8.hpf3.V/lc1.ExX3e,true
8a80cb816ef2df4b016ef2df66f4002f,112047,10000,John 047,$2a$10$voNvw8jwoYyjlWceIll5IOxxxsYkbfjM9dy/Vj09aUCsgcUo3UHna,true
8a80cb816ef2df4b016ef2df67570030,112048,10000,John 048,$2a$10$HLzwPrYMAgAfMJ2x35ndduLqhD6WCl104hsZULWDCb3oOE.FTfFfm,true
8a80cb816ef2df4b016ef2df67c30031,112049,10000,John 049,$2a$10$usZ6Y69A8YmFJlJyR1nGU.qFmm1VVS2bX.lCSeZk5ZDppLvKGMCba,true
8a80cb816ef2df4b016ef2df68270032,112050,10000,John 050,$2a$10$s6Px911TpZtgp564AlUNL./sO5yD6Hq3bUbtEASv6mSoYjd6L3a9a,true
8a80cb816ef2df4b016ef2df688d0033,112051,10000,John 051,$2a$10$aEnOxTwERAhkp74iZ2qbNuHW3rJEBdap41nIoQGQpUKYp.klVZMxO,true
8a80cb816ef2df4b016ef2df68ef0034,112052,10000,John 052,$2a$10$J7b0ZSJ3mSTlRXLo4/Iovu2O7t7319Hh4VRRl0vc0eGp1tKqZeRb2,true
8a80cb816ef2df4b016ef2df69520035,112053,10000,John 053,$2a$10$c9NYLKZuD5QxoHFSadL97OLSB8M7Gs4GX8H8fQL.I.aOKEQcSjmLW,true
8a80cb816ef2df4b016ef2df69bb0036,112054,10000,John 054,$2a$10$kfl8VvCJ8BMN98/F/o5i0uyq27BMCSXSfqLUtq2G2nkaKiZ/i1Gj6,true
8a80cb816ef2df4b016ef2df6a2a0037,112055,10000,John 055,$2a$10$jRostCFUmw9tG2q7Ydxvf.gf9jUuI8LBGTavXWKddQLEhyUFNHCv6,true
8a80cb816ef2df4b016ef2df6aa00038,112056,10000,John 056,$2a$10$Q0ThUxlwjZMhV5d6wxb6SO.tI15OoZ1TzYIVEQbYrTZxqtI4tHne2,true
8a80cb816ef2df4b016ef2df6b010039,112057,10000,John 057,$2a$10$Y/003N32KcSbZKNeiwwOqOFgni0PLxXq0FVpOlFpBF1gNY2ggatsy,true
8a80cb816ef2df4b016ef2df6b66003a,112058,10000,John 058,$2a$10$ua09rZfAx8G//s8.FXynt.SAbez3i3xlX9WRGuXA37z/xeyJAcsW6,true
8a80cb816ef2df4b016ef2df6bd4003b,112059,10000,John 059,$2a$10$Xtftto5Atn5LGXX1jAIh3uuD9xmiTx3W2fjgGULs03QbROm0Xv.vy,true
8a80cb816ef2df4b016ef2df6c37003c,112060,10000,John 060,$2a$10$W9Jxmp2/9ssrZvHkXaxlZ.mKjF15b00pGsVuVV6JwCnLrAQwUXI66,true
8a80cb816ef2df4b016ef2df6ca0003d,112061,10000,John 061,$2a$10$nf83ZFG4Y0rhJlkZzCAXv.rmUVTGijddPlQKQP0/f1.3AJiRxOlWK,true
8a80cb816ef2df4b016ef2df6d06003e,112062,10000,John 062,$2a$10$J586WGDOSk5cWk7l4A66Tu6NSg/mAqcg1lvo/7Nm5nvhDhGtEIB7.,true
8a80cb816ef2df4b016ef2df6d68003f,112063,10000,John 063,$2a$10$oCsahzL8yY5UVrkhXwdbe.k6uezGQ.rLJQKpvLSjN4YvFS6h5L.ri,true
8a80cb816ef2df4b016ef2df6dcd0040,112064,10000,John 064,$2a$10$HY11DMEQDVC5GBmVlL/W/.9mbx.Sfg1BoRSccSnBuZfGLfhkNrKTy,true
8a80cb816ef2df4b016ef2df6e2b0041,112065,10000,John 065,$2a$10$yNIkG1BlwWCeQxvx413.GuypeLaodmVMug349amMwZ4mwlUrwCzGK,true
8a80cb816ef2df4b016ef2df6e9e0042,112066,10000,John 066,$2a$10$pc027DF8E4Qwb1kSQgS45O2wlSrJWrCRfRNeaii5eHyZ7VGSzTIKm,true
8a80cb816ef2df4b016ef2df6efe0043,112067,10000,John 067,$2a$10$VTnEbYt4j9xGh4jn/a5By.A5xalJMXu9gZXfRZk9eKw35o7iFle0u,true
8a80cb816ef2df4b016ef2df6f5d0044,112068,10000,John 068,$2a$10$D2rziKqiBD8hdG5v9gGzMuiPOW5vw8YGFuubYKmJzwclEDpk9CxF2,true
8a80cb816ef2df4b016ef2df6fc30045,112069,10000,John 069,$2a$10$8itEuq81lRqRw0z1AGOYJORvusRFxNTByBIbmESrn6pwZ/CVfsHRm,true
8a80cb816ef2df4b016ef2df702b0046,112070,10000,John 070,$2a$10$6cRT2dW7y3/CqxMECrTlkejVUfnmVxqn1siAt8.MDIhMAUZNlnHki,true
8a80cb816ef2df4b016ef2df70960047,112071,10000,John 071,$2a$10$PhAs4W8FXHlnu9JnUdSiaOKdYU4T/vnV3cfqwauy4KJQ0pyS6yhGu,true
8a80cb816ef2df4b016ef2df71010048,112072,10000,John 072,$2a$10$wpHZlTpADQ2Xv9NjHoaJDebNcz2HZkkXtEjeGaImAKHnBgjbtzqKC,true
8a80cb816ef2df4b016ef2df71670049,112073,10000,John 073,$2a$10$Rv6fKDYyZ92uKDi7D9w3be5hEhr1kF2ad0VMrtoazqZbl2rbObTgq,true
8a80cb816ef2df4b016ef2df71ea004a,112074,10000,John 074,$2a$10$7oF4RD4vGwhhd6lph/DRAOrm6XN5cjrPQItSXtbx8VOSMxGdKRc.C,true
8a80cb816ef2df4b016ef2df725a004b,112075,10000,John 075,$2a$10$pF70Ww5I7xQ6paj9/yhnLuMGgbPSDBw7rMN3ZktjpBiw.4sQV729u,true
8a80cb816ef2df4b016ef2df72cd004c,112076,10000,John 076,$2a$10$SiyRg6Dp9wL0oj4QTML4HuiU6X8bm.85GS.ETys1C70hm0XhjUldC,true
8a80cb816ef2df4b016ef2df7334004d,112077,10000,John 077,$2a$10$yjqtBsXhEAanM/YA8nGjTuU9mQUYAX1coL.ze3PE4Vbmiyxmq5.8.,true
8a80cb816ef2df4b016ef2df7399004e,112078,10000,John 078,$2a$10$zoyG8bpdf5NIoOJswVyzMet0jI6beCoxg8ikQgeYhE850MTZ7pDxa,true
8a80cb816ef2df4b016ef2df7406004f,112079,10000,John 079,$2a$10$73IH/ZTy6.inkKy4NXpJCO2.hwMc5uZ1wqGE8oHVXMWmrnS42tEym,true
8a80cb816ef2df4b016ef2df746f0050,112080,10000,John 080,$2a$10$w3NTmDJTcLyvA8xNdGGD.udHuWggf.i9RlQKL2SdqP.NCC3ZUiFWa,true
8a80cb816ef2df4b016ef2df74cd0051,112081,10000,John 081,$2a$10$204RNxndwPlq.aZT8fT5Wu5Ht7MfQ458NHVkggSk6.VfQIxHeNWv6,true
8a80cb816ef2df4b016ef2df75310052,112082,10000,John 082,$2a$10$i03GKhZN/BtpD8.GsS.ygOcZwZbtwsKoOhWxS0cnunA45UMxtz.hu,true
8a80cb816ef2df4b016ef2df758f0053,112083,10000,John 083,$2a$10$fncMvIxaxa2BYFDTwT3fge.EhQGfoTrQeBhDwwePLZdkDVE9Hvkj.,true
8a80cb816ef2df4b016ef2df75f00054,112084,10000,John 084,$2a$10$8kx01YzbY6EFvXqnaLeM6el76Kg3IXqs9KUu.Bb19/r4Pj8EvyiXy,true
8a80cb816ef2df4b016ef2df764d0055,112085,10000,John 085,$2a$10$WHkBnQtTqSo9ORerayElA.2U5.h9wHzhbqS0zAi0ZVzPJ5eWDVg4u,true
8a80cb816ef2df4b016ef2df76aa0056,112086,10000,John 086,$2a$10$EdanndALSX9.w8U00XM7fe6FOMndfZqPFEUEeS5p6kIt.fvqeHqga,true
8a80cb816ef2df4b016ef2df770b0057,112087,10000,John 087,$2a$10$OkLnyIpYGNgPRz9yW8jVnugo52Wpiw3G4AFlAtpNNp5e5Ox106pZy,true
8a80cb816ef2df4b016ef2df77680058,112088,10000,John 088,$2a$10$u1U/UlW25DICafI5qpM1wOdyxXuWlJ3je.1RPKRPgPqSqjbEqLNny,true
8a80cb816ef2df4b016ef2df77ca0059,112089,10000,John 089,$2a$10$S8GsSbfUOza8m.PIOqwUQuJT8TqxjXxvsmwQb5dRlZZGPkBCbhN9a,true
8a80cb816ef2df4b016ef2df782a005a,112090,10000,John 090,$2a$10$H47j3EOhpBf/HyB7k3.1ku66roupFev0AURPrLECXreL9UZEm61Pu,true
8a80cb816ef2df4b016ef2df789f005b,112091,10000,John 091,$2a$10$ynY14wj3ZvR0vLtGcHIxFuiwHO6ZJUSse40jwjYv/Wzba.Y5SZYMW,true
8a80cb816ef2df4b016ef2df7901005c,112092,10000,John 092,$2a$10$YjyL5qDKL4PPXRuMV2Q9GOnz5iLhy/kfZaDfC.Md/Ij6yW8H448Sa,true
8a80cb816ef2df4b016ef2df7962005d,112093,10000,John 093,$2a$10$RCXsDfxBxp66TSznMXnTJOiCATj8rMJEN.4GO4iHJT66w.fZt8u1K,true
8a80cb816ef2df4b016ef2df79c8005e,112094,10000,John 094,$2a$10$oThc/Wms8aBfzpDXycP6W.jsWPACllnzkklHK72lajUzkvc2Prsqq,true
8a80cb816ef2df4b016ef2df7a27005f,112095,10000,John 095,$2a$10$Nssu.sg/h6g52zrUwpnBne54LGnYrJVaSbdQIjM5DEgADvrvg.kz6,true
8a80cb816ef2df4b016ef2df7a8b0060,112096,10000,John 096,$2a$10$A7mI.zbwn0kPoVkHpAgV0ee2fXqRgIodGSFFHD9LmAxA4ibn24i1u,true
8a80cb816ef2df4b016ef2df7ae50061,112097,10000,John 097,$2a$10$aaFkzi54AT0sTmo8Hpf3ne3AL86kbfREDQYqJbVI36JolPGrtLhr6,true
8a80cb816ef2df4b016ef2df7b470062,112098,10000,John 098,$2a$10$nhSr1thnq6V9kW8su2fpiulke8wQgiDBChHjhLKsFpiy/GV.O3WEK,true
8a80cb816ef2df4b016ef2df7bb50063,112099,10000,John 099,$2a$10$yfFjIj1ECTMh1xqN5sc/UesfUJ357Es0lFjNk36tP9n2QKTC0PICm,true
8a80cb816ef2df4b016ef2df7c270064,112100,10000,John 100,$2a$10$jd8FRc1AHVBcIuzByE0hs.ooKwrcCiaTbEhKsEEjlUZjoz8lqBata,true
8a80cb816ef2df4b016ef2df7c9b0065,112101,10000,John 101,$2a$10$cVIVJo6WdW3EYq7rt8M0kewK6Hbc0kHj0GhjxT1kxiouxOHlMSCr.,true
8a80cb816ef2df4b016ef2df7d060066,112102,10000,John 102,$2a$10$jz7B73hOR2UJGiFUc/ha8.nKxP5DwDa10IRBrpWMKTazYkeCeYkM2,true
8a80cb816ef2df4b016ef2df7d6b0067,112103,10000,John 103,$2a$10$yv5pYRO8NA/F.rrXawYuCOdN7Lh6uQSA7M.VDCW4l2m8h9snE/gI.,true
8a80cb816ef2df4b016ef2df7dde0068,112104,10000,John 104,$2a$10$FzMNyJaVSvdIP1m0.qw1B.n61dOVtF9Ine1zUfa2b72UM2tl0z86u,true
8a80cb816ef2df4b016ef2df7e3e0069,112105,10000,John 105,$2a$10$P6E8/XCDrl6H.ymiBmtkeeWPS047bv4ZSkFXrDahoTgwgE6Cm8iu2,true
8a80cb816ef2df4b016ef2df7ea4006a,112106,10000,John 106,$2a$10$9.MeSNYXlh1m9I/ktM5/9uyvcg6SLQ/QMYIkzwTGPBK3rjpZcXc82,true
8a80cb816ef2df4b016ef2df7f03006b,112107,10000,John 107,$2a$10$ipxu8ax9NiyUZ5Do6IkTGO8T180YCdUJWRQqudsJnxzqpS60579TW,true
8a80cb816ef2df4b016ef2df7f6a006c,112108,10000,John 108,$2a$10$ujmp0mVGBw2uaMpqGHDwjOBFaoXIPZ5mUztJy8U6f25PKB5IXEfXS,true
8a80cb816ef2df4b016ef2df7fd9006d,112109,10000,John 109,$2a$10$/tk4dwS39eiRw9tIHpKzX.c04HGGQxIki.xv9m9qYlR67AzmOj4m2,true
8a80cb816ef2df4b016ef2df803a006e,112110,10000,John 110,$2a$10$jM1YY7fUzbeD/Kh22zjhPeZlbNlNaQlsIhJ0v9xdF13mYVw5XT08u,true
8a80cb816ef2df4b016ef2df809f006f,112111,10000,John 111,$2a$10$b4Bl/JN2TrTx57.35mC68uuKZvYpWw.w/IEihGZW8tFJ8010PbNVC,true
8a80cb816ef2df4b016ef2df80fc0070,112112,10000,John 112,$2a$10$9NPhX7rCBbldfJXUujKouuxGqTR7njbbGFk9JkwS8OJ2ZVwPLbZdu,true
8a80cb816ef2df4b016ef2df816f0071,112113,10000,John 113,$2a$10$3DWC8GwmAajK.7mlknmxTul5A7dAuZ.tfded4JQlbVI8JOfmV8UjC,true
8a80cb816ef2df4b016ef2df81e10072,112114,10000,John 114,$2a$10$AVosQoKTl6dZf1gDOzx.M.rQbGPttq2ilkNesyZO3TxQ6Zy5AyAHm,true
8a80cb816ef2df4b016ef2df82490073,112115,10000,John 115,$2a$10$wUe.oFM/IBysDM2OB1ymxOnDAPqUih.Wnk41XvB.Sjc69UUlexsR2,true
8a80cb816ef2df4b016ef2df82b30074,112116,10000,John 116,$2a$10$4o.40Qj6KJeO64puR0wg2.tUqeqGESEmS9s7OC1IC2EZ4NCg0PbDm,true
8a80cb816ef2df4b016ef2df831b0075,112117,10000,John 117,$2a$10$dpA1r1OSvmFn51plZ5u7ceURij.fwt9xstiCzDXDY7agNoztHXfAe,true
8a80cb816ef2df4b016ef2df838b0076,112118,10000,John 118,$2a$10$iWHhlRgP5G2TRJTka0P4pu51ovVQs8mZeELrGERDjEXnAEI4niXPu,true
8a80cb816ef2df4b016ef2df83ea0077,112119,10000,John 119,$2a$10$UYqJ/YjvRtx6IJgIbJdvIOns8WmEqh9yCQcnya21IfkGplZKOamWy,true
8a80cb816ef2df4b016ef2df84490078,112120,10000,John 120,$2a$10$VbgZr22tv3LyW/osYiGhdOYmfo04DFB9TwGXQlhw.uHGxOHPSvkdK,true
8a80cb816ef2df4b016ef2df84aa0079,112121,10000,John 121,$2a$10$WUOgPTQxOTNYTcMcdFwHq.PrCFv/wsVXGci.ikLWCPjxhKDbWy682,true
8a80cb816ef2df4b016ef2df8510007a,112122,10000,John 122,$2a$10$tVLY2MEd64vUZ.6dGZQi5.rC8XGVXI//HsqzjghgZawIAzQqcsEuu,true
8a80cb816ef2df4b016ef2df856e007b,112123,10000,John 123,$2a$10$yTo236kmbp07iGvAaJ7snOAaXkFFuzbGztkO/je4m0mAdup6ZV/DW,true
8a80cb816ef2df4b016ef2df85c9007c,112124,10000,John 124,$2a$10$LM9Sxi.c5hXHU1GJkLc5SurUYUsuqzzjQCqgZrmlJdIk9IJksPD.W,true
8a80cb816ef2df4b016ef2df8624007d,112125,10000,John 125,$2a$10$Jo5UFfD9vqWJ1c7DpS9Av.rils7FvDRD.Js5V0JCSi40HgtwKf2KS,true
8a80cb816ef2df4b016ef2df8684007e,112126,10000,John 126,$2a$10$q5J6mDeJeRzOXGp33jwvyOOD7htaD3I1oGoSniInL7C0kWpVtFpfq,true
8a80cb816ef2df4b016ef2df86e7007f,112127,10000,John 127,$2a$10$Pjy1vkT4n8OFgiJ/z5PmqOIvZJL9SOrENDnzYRAUzf5ZtYP2eQeqO,true
8a80cb816ef2df4b016ef2df87500080,112128,10000,John 128,$2a$10$SUJaQ0oSNExT.8u21KiR2eCLAr/SL7hWcY2RbDTP2QKmv/HTLhi.K,true
8a80cb816ef2df4b016ef2df87b00081,112129,10000,John 129,$2a$10$vVVXicL8MPEUjq1QPQilVui.pdncnpQPMQlxfekiNcju33wkJ9Yva,true
8a80cb816ef2df4b016ef2df880b0082,112130,10000,John 130,$2a$10$b4GJE99e8W1VXNe4s5pbqum0ljZK/BH5cXkO8KRFQyH4v5Kw/NBYm,true
8a80cb816ef2df4b016ef2df88670083,112131,10000,John 131,$2a$10$sZVjXKammvF0RytQ5Q0xkOFoLlvkfCzasaJiNy1F1bjfdajBkqjm.,true
8a80cb816ef2df4b016ef2df88d00084,112132,10000,John 132,$2a$10$ReiIolW06VocNv.vDzQvVuggDVEzlPIwnLhvPGwv8FwGG9o4k7bhi,true
8a80cb816ef2df4b016ef2df89290085,112133,10000,John 133,$2a$10$05lrZzVHDVAB34Mgsg4FGO2j9dozxmOkTAPhYoRwpctvhO1G/0V.O,true
8a80cb816ef2df4b016ef2df89820086,112134,10000,John 134,$2a$10$HHmh8H/7/lnyma8n0T8OS.zmvZG9B7EF0Z6KjVxGAtqq03dSWcHkS,true
8a80cb816ef2df4b016ef2df89db0087,112135,10000,John 135,$2a$10$R/mjbY/AZMDvjIShnxz4NuoPSGDuJmjM5AnHKNw2JWFIgAsr2CB1W,true
8a80cb816ef2df4b016ef2df8a390088,112136,10000,John 136,$2a$10$WqGNukxWMp5k0YXlsDxPQufCPVNB1zRYI/CmljHmYVgJS1A3m6dkG,true
8a80cb816ef2df4b016ef2df8a940089,112137,10000,John 137,$2a$10$XkmS2IlReh2PkuhQhtF1SOuf.43h5xi5aDBsEhoTKRiQBvthm5Fp6,true
8a80cb816ef2df4b016ef2df8af4008a,112138,10000,John 138,$2a$10$7PNcAwenolj7yzIQ1YVBau53BunTD.eINpUhz3bQ1K8GzelhARUaG,true
8a80cb816ef2df4b016ef2df8b57008b,112139,10000,John 139,$2a$10$/hkShIg2gmwMEmC0NiP/aO0I7lVOmAGfQQFqKnrKDu6lwsxcscRme,true
8a80cb816ef2df4b016ef2df8bb8008c,112140,10000,John 140,$2a$10$d5f3PrJF23kus7pU51VgXebygfWOeUgLzVwY2qOF4230RBy9MCt4q,true
8a80cb816ef2df4b016ef2df8c19008d,112141,10000,John 141,$2a$10$HoCaVo0JzrtntI8HjNqaTOsUNcDJAScT8o1TVULIDsfMYC6vq9Tee,true
8a80cb816ef2df4b016ef2df8fcc008e,112142,10000,John 142,$2a$10$9niIKjBHUWrtE7rMBzXBCeSFsqpmiAj.I/IuB6D9X77oaAF8mXBkG,true
8a80cb816ef2df4b016ef2df9031008f,112143,10000,John 143,$2a$10$tDAaatnnDdxeVqaTmmcl5e8MkLf4sjFDi1ZXNTkGI3Ad8drk4dgkK,true
8a80cb816ef2df4b016ef2df909d0090,112144,10000,John 144,$2a$10$1.ONA./3.7VgbonkMAnsAeCYU1q4KyvwJ3Qqs0x/bXC/k4bx6500u,true
8a80cb816ef2df4b016ef2df91140091,112145,10000,John 145,$2a$10$l6mKyYe7ZinFKQZMXJ/vy.wgcpCdnBajcnm.vOf2vKwKnf2/Q7FEK,true
8a80cb816ef2df4b016ef2df917a0092,112146,10000,John 146,$2a$10$yl8djPGQk0jV7OK3jOn83uvsrCmKNit9vGvXGcw5h5i3g/ApHOOfi,true
8a80cb816ef2df4b016ef2df91df0093,112147,10000,John 147,$2a$10$SPJQEDJ2YC5YNM6lBJoPhekryAfiTHStdgaLPkAZgU/fQk820TIQG,true
8a80cb816ef2df4b016ef2df92510094,112148,10000,John 148,$2a$10$dFYflHCncngO2XWElWehW.Mbnoc/FS/F0Rg4Kbdm5SLgyZ3XXfEwW,true
8a80cb816ef2df4b016ef2df92bf0095,112149,10000,John 149,$2a$10$mSg/vrcM1GtQbcoTPnW5FO26dBo7rGRLRyv646U26CtfLmau8BuMS,true
8a80cb816ef2df4b016ef2df93270096,112150,10000,John 150,$2a$10$vmfJplkmHG37n1sjNGWV4eqp4UcfavOuCyFPAuqs1W1TezSdbAJsm,true
8a80cb816ef2df4b016ef2df93840097,112151,10000,John 151,$2a$10$Zar9yyNCEytVPs6z55PC/e.4I4bRsi0DddDz0VVcs9Vpqek6Mgpei,true
8a80cb816ef2df4b016ef2df93df0098,112152,10000,John 152,$2a$10$Pt3k1j1q4wZTnMJFHqbuo.7vY4TH3nHTWBDD3vdZb8Hp8lqvOp1s2,true
8a80cb816ef2df4b016ef2df943b0099,112153,10000,John 153,$2a$10$UzuT/Pzf4GuuV7SERmXWwu1Xa8TBES1ffqfyZMtNE9kizTHE7hhLi,true
8a80cb816ef2df4b016ef2df9496009a,112154,10000,John 154,$2a$10$9BhdlLHND7fva0ZarPPyUuvsNqXkws428nck2G.FPPJMjREsxCXpy,true
8a80cb816ef2df4b016ef2df94fc009b,112155,10000,John 155,$2a$10$AjttHUmAiw70DwxiRV9Ew.K19FnYz6tHMscIxGq1dPZgopfd.PWRO,true
8a80cb816ef2df4b016ef2df955f009c,112156,10000,John 156,$2a$10$9NwKSVtkgA3TnnkDMdEvqOUk36FGCmho42sFBYQlFQUgcROJ9aetG,true
8a80cb816ef2df4b016ef2df95c2009d,112157,10000,John 157,$2a$10$CqF7Z.OrBKJvQaeshHutJeEMPCsjHfWdXhBGln1W37lJYMi0LvFhy,true
8a80cb816ef2df4b016ef2df9625009e,112158,10000,John 158,$2a$10$/eRLFyZjwEUF0tT6McsAteJ4m3/7DpwJkQ7YeEMDwKBRiKOWrPsAq,true
8a80cb816ef2df4b016ef2df967e009f,112159,10000,John 159,$2a$10$/rhkGkMrkVn97pwdCwN2xuZ4wISnxFVelT85jxYqWnQeAus/P2mEe,true
8a80cb816ef2df4b016ef2df96e300a0,112160,10000,John 160,$2a$10$nxQf8ippiRoTlgGt6576G.YZc5/qVNnpOFVMP.SAdnijDYKeB0tEa,true
8a80cb816ef2df4b016ef2df974400a1,112161,10000,John 161,$2a$10$DTrUI1oqvetjekjB/UQj..fzZxf01S8UQ/eLhYUQanjUKiyCVGCs2,true
8a80cb816ef2df4b016ef2df979f00a2,112162,10000,John 162,$2a$10$9SXCNT.1bB1e8O8KrcNX6.0P6NxKgVwu7y9DH9tvxMNWLQlUer7r.,true
8a80cb816ef2df4b016ef2df97fc00a3,112163,10000,John 163,$2a$10$XpR0E1eZwd3uVKUyqyW7HOhCW7HKp9ElnJ37tBzWEhlzfeavNt5ny,true
8a80cb816ef2df4b016ef2df985a00a4,112164,10000,John 164,$2a$10$QctV4hpC6l.GiiyaQ9bhFOL93ZrpvtD8LBPO3Gn/vy6QyUr7.mHUS,true
8a80cb816ef2df4b016ef2df98b400a5,112165,10000,John 165,$2a$10$qdnhezm3NS0/DXBu.mPjqOhVBB.ACsY8pGWyttWasdI6hZL.Hj/fW,true
8a80cb816ef2df4b016ef2df991000a6,112166,10000,John 166,$2a$10$wXzJlz6fknyehU5NO9osIeEgB.PbJRzF/0UsBoYA55Gum4bayq1dO,true
8a80cb816ef2df4b016ef2df996f00a7,112167,10000,John 167,$2a$10$bcJG6LRx9k3i2v4xTOXXbO7VSzh9dIkCg9cjN6o4fABvlBF5EXA3i,true
8a80cb816ef2df4b016ef2df99ca00a8,112168,10000,John 168,$2a$10$/VPZbTiJ3zYqwIGqco5sSuES1r.3uuRVULa01OkulOMKk.APsI0W.,true
8a80cb816ef2df4b016ef2df9a2b00a9,112169,10000,John 169,$2a$10$PH27qxoEGhVqUorzwiSfuOb..L5IvVoJ4ijQFCgkNsMsueTaFTWGK,true
8a80cb816ef2df4b016ef2df9a9c00aa,112170,10000,John 170,$2a$10$/iF6TRB64vq18qs1zCaDveTLrFU1hQlMdDUs0ZNs3PWI5OIFgISRy,true
8a80cb816ef2df4b016ef2df9afe00ab,112171,10000,John 171,$2a$10$4AfSnW1NI1hQAeLl86vdveKwWiIskJLTGwlqejfSXD7SieXWtibgS,true
8a80cb816ef2df4b016ef2df9b5d00ac,112172,10000,John 172,$2a$10$hwqQlHcwiIHN3dYf4AUF5.6ic7iuvG9CxGY2UFKYX5/qbY0j35Qe.,true
8a80cb816ef2df4b016ef2df9bc000ad,112173,10000,John 173,$2a$10$7szWzvXZd0tAn/wjqE1s..9.Ff3Gi8XYo9uyalRY7PUyftON0N0pi,true
8a80cb816ef2df4b016ef2df9c1d00ae,112174,10000,John 174,$2a$10$LfUPnHR4k3qTpBPt42YfcebMeSw0QEYJzZvD.fV52k8Cq.tJNquDG,true
8a80cb816ef2df4b016ef2df9c7b00af,112175,10000,John 175,$2a$10$r.8hVOc7Ml37vwhGQckHAuQhJeMgxpi8Bwf0LNkptMa8nlwcTPFSG,true
8a80cb816ef2df4b016ef2df9cd600b0,112176,10000,John 176,$2a$10$iWHlV29uwmH9vkv0PuXYEeg0k9dvnglvm4V0j3cdNn4PZf1YBMcJq,true
8a80cb816ef2df4b016ef2df9d3100b1,112177,10000,John 177,$2a$10$z.Xzb8Kgi9d2i2PF5.al3.at3u8bzFCFLH99lwYqci1cgHDMq7Cdi,true
8a80cb816ef2df4b016ef2df9d8f00b2,112178,10000,John 178,$2a$10$HdqmLpnc8IbtdXiFt9ZfoewfVeQxRhNRaCfKJfmmBYrDtkZA4Huka,true
8a80cb816ef2df4b016ef2df9de900b3,112179,10000,John 179,$2a$10$QbTRenMOXeaqoaVnNJkChuOvCbpveTMlL79P8N96jGMQ1H6WhRu.i,true
8a80cb816ef2df4b016ef2df9e4200b4,112180,10000,John 180,$2a$10$DdD/1RXBkJVv0b3ZX.srd.HQJANww2fyFKEcC.CmgjVPf2.SNfzBa,true
8a80cb816ef2df4b016ef2df9ea400b5,112181,10000,John 181,$2a$10$Wn4MmS07LV31MhWGOmUCnOS5lLOBKx255LLl/R6igOseKbseee.nO,true
8a80cb816ef2df4b016ef2df9f0000b6,112182,10000,John 182,$2a$10$VKN7lanoak0aels.3egVEO8r.Kn6E./Hp5jrYYahRjVcqvNabn.0q,true
8a80cb816ef2df4b016ef2df9f5b00b7,112183,10000,John 183,$2a$10$EOFc/YOaYJUZNWhtQneZKOBrZO6uAp5CRBd1MWjppMHJZV/eT9i8i,true
8a80cb816ef2df4b016ef2df9fbc00b8,112184,10000,John 184,$2a$10$jwWebmwToA9Rz/.LJbMomuLOhufcSJLeEkqhXyb7dfBBo74FA0w2m,true
8a80cb816ef2df4b016ef2dfa01700b9,112185,10000,John 185,$2a$10$Cij35V5gBcjIaLwQYogpGenoHSUl/CLSJsgJqUtYEkqZ8bRDQvYtG,true
8a80cb816ef2df4b016ef2dfa07600ba,112186,10000,John 186,$2a$10$GZKTOh7zOAh2Ikg/WFexa.WKcIIqv7xMxckXTwTpnAVxxSMCq4zGW,true
8a80cb816ef2df4b016ef2dfa0d200bb,112187,10000,John 187,$2a$10$5WzEPRw3CrD6DC0rYrz0iuSYaz2vBfVbZMWIcXHyY8e9tq/fRx1LO,true
8a80cb816ef2df4b016ef2dfa13500bc,112188,10000,John 188,$2a$10$ALKwUKxM5ZTI5p2gn0mLQOW3Pyu3JyTk3P/Tmgv4FXwBnSXTy5OSy,true
8a80cb816ef2df4b016ef2dfa19900bd,112189,10000,John 189,$2a$10$b70MVDDyCgUmDc0WqqAUDuAcUSb/iuIJ5GPyKkBm1HEC/nBPTCbay,true
8a80cb816ef2df4b016ef2dfa1fc00be,112190,10000,John 190,$2a$10$U3Yf7vuDRg6oPuiGhT28gOIge5q1nC/nnLXmhP0iCjvt.BUOK8owS,true
8a80cb816ef2df4b016ef2dfa25900bf,112191,10000,John 191,$2a$10$gwqYSze8nbpHCyQCCSbZdOAvS.MeyblEKApVh3P2RGcrqnVOao3ty,true
8a80cb816ef2df4b016ef2dfa2ba00c0,112192,10000,John 192,$2a$10$6QAWFuEJyAlgCX0lG9ROhOaI2ranSs8bs36lEVzHfCuIyywgCzSpe,true
8a80cb816ef2df4b016ef2dfa31800c1,112193,10000,John 193,$2a$10$ouKI/zWcYrTyqi.fjgDwcepUO1I7XIi3ZtdsIBtVu706GlN4iAVXO,true
8a80cb816ef2df4b016ef2dfa37400c2,112194,10000,John 194,$2a$10$Zf/9SmuGMWgbw3YITYDaKeQy8FOE6NGPsRd48RuSl5xpSbIuNeDTa,true
8a80cb816ef2df4b016ef2dfa3cf00c3,112195,10000,John 195,$2a$10$/zKUFFFouXgM222k5U.Mw.n6cBN9wZAkcQo0J.dBfl/rPQWAgkgoy,true
8a80cb816ef2df4b016ef2dfa42c00c4,112196,10000,John 196,$2a$10$Jo9LOq1kxVuJXrG7FUAzu.qPqmh23KS8xeAAkopSWaLlpLe4fMqeq,true
8a80cb816ef2df4b016ef2dfa48600c5,112197,10000,John 197,$2a$10$Wlx0.hRk9D.R90pgs4ikLe0zCGXyAHqu4G1ilSU8QsugZnYmspOym,true
8a80cb816ef2df4b016ef2dfa4df00c6,112198,10000,John 198,$2a$10$.sOXKDZkS.BkDGH0OSm0oOVwGspjX5VZsP7zWtu1TyY7RFAIC2vF2,true
8a80cb816ef2df4b016ef2dfa53b00c7,112199,10000,John 199,$2a$10$4wPTZ9FvZOEhg/z5fhY2YukqslMV.Rvge/0358cH18LnSQ9OIAPGK,true
